month,state_name,state_code,rto_name,rto_code,veh_cat,maker,fuel_type,registrations
2024-01-01,Maharashtra,MH,Maharashtra RTO,MH01,TWO WHEELER,Hero MotoCorp,PETROL,45230
2024-01-01,Maharashtra,MH,Maharashtra RTO,MH01,TWO WHEELER,Honda,PETROL,38940
2024-01-01,Maharashtra,MH,Maharashtra RTO,MH01,TWO WHEELER,TVS,PETROL,25670
2024-01-01,Maharashtra,MH,Maharashtra RTO,MH01,FOUR WHEELER,Maruti Suzuki,PETROL,15420
2024-01-01,Maharashtra,MH,Maharashtra RTO,MH01,FOUR WHEELER,Hyundai,PETROL,12380
2024-01-01,Maharashtra,MH,Maharashtra RTO,MH01,FOUR WHEELER,Tata Motors,DIESEL,8950
2024-01-01,Maharashtra,MH,Maharashtra RTO,MH01,THREE WHEELER,Bajaj,CNG,2340
2024-01-01,Uttar Pradesh,UP,Uttar Pradesh RTO,UP01,TWO WHEELER,Hero MotoCorp,PETROL,52340
2024-01-01,Uttar Pradesh,UP,Uttar Pradesh RTO,UP01,TWO WHEELER,Honda,PETROL,41230
2024-01-01,Uttar Pradesh,UP,Uttar Pradesh RTO,UP01,TWO WHEELER,TVS,PETROL,28950
2024-01-01,Uttar Pradesh,UP,Uttar Pradesh RTO,UP01,FOUR WHEELER,Maruti Suzuki,PETROL,18750
2024-01-01,Uttar Pradesh,UP,Uttar Pradesh RTO,UP01,FOUR WHEELER,Hyundai,PETROL,14230
2024-01-01,Tamil Nadu,TN,Tamil Nadu RTO,TN01,TWO WHEELER,TVS,PETROL,48230
2024-01-01,Tamil Nadu,TN,Tamil Nadu RTO,TN01,TWO WHEELER,Hero MotoCorp,PETROL,35670
2024-01-01,Tamil Nadu,TN,Tamil Nadu RTO,TN01,TWO WHEELER,Honda,PETROL,32150
2024-01-01,Tamil Nadu,TN,Tamil Nadu RTO,TN01,FOUR WHEELER,Maruti Suzuki,PETROL,16890
2024-01-01,Tamil Nadu,TN,Tamil Nadu RTO,TN01,FOUR WHEELER,Hyundai,PETROL,13450
2024-02-01,Maharashtra,MH,Maharashtra RTO,MH01,TWO WHEELER,Hero MotoCorp,PETROL,47850
2024-02-01,Maharashtra,MH,Maharashtra RTO,MH01,TWO WHEELER,Honda,PETROL,40320
2024-02-01,Maharashtra,MH,Maharashtra RTO,MH01,TWO WHEELER,TVS,PETROL,27140
2024-02-01,Maharashtra,MH,Maharashtra RTO,MH01,FOUR WHEELER,Maruti Suzuki,PETROL,16780
2024-02-01,Maharashtra,MH,Maharashtra RTO,MH01,FOUR WHEELER,Hyundai,PETROL,13290
2024-02-01,Maharashtra,MH,Maharashtra RTO,MH01,FOUR WHEELER,Tata Motors,DIESEL,9560
2024-02-01,Maharashtra,MH,Maharashtra RTO,MH01,THREE WHEELER,Bajaj,CNG,2490
2024-02-01,Uttar Pradesh,UP,Uttar Pradesh RTO,UP01,TWO WHEELER,Hero MotoCorp,PETROL,54120
2024-02-01,Uttar Pradesh,UP,Uttar Pradesh RTO,UP01,TWO WHEELER,Honda,PETROL,43580
2024-02-01,Uttar Pradesh,UP,Uttar Pradesh RTO,UP01,TWO WHEELER,TVS,PETROL,30240
2024-02-01,Uttar Pradesh,UP,Uttar Pradesh RTO,UP01,FOUR WHEELER,Maruti Suzuki,PETROL,19450
2024-02-01,Uttar Pradesh,UP,Uttar Pradesh RTO,UP01,FOUR WHEELER,Hyundai,PETROL,15120
2024-03-01,Maharashtra,MH,Maharashtra RTO,MH01,TWO WHEELER,Hero MotoCorp,PETROL,51230
2024-03-01,Maharashtra,MH,Maharashtra RTO,MH01,TWO WHEELER,Honda,PETROL,43670
2024-03-01,Maharashtra,MH,Maharashtra RTO,MH01,TWO WHEELER,TVS,PETROL,29480
2024-03-01,Maharashtra,MH,Maharashtra RTO,MH01,FOUR WHEELER,Maruti Suzuki,PETROL,18240
2024-03-01,Maharashtra,MH,Maharashtra RTO,MH01,FOUR WHEELER,Hyundai,PETROL,14780
2024-03-01,Maharashtra,MH,Maharashtra RTO,MH01,FOUR WHEELER,Tata Motors,DIESEL,10320
2024-03-01,Maharashtra,MH,Maharashtra RTO,MH01,THREE WHEELER,Bajaj,CNG,2680